{"skeleton":{"width":32,"height":31,"fps":24,"hash":" ","name":"Armature"},"bones":[{"name":"root"},{"length":18,"x":-0.2188,"y":0.2517,"rotation":1.9908,"name":"bone","parent":"root"}],"slots":[{"name":"Ruby","bone":"bone","attachment":"Ruby"}],"skins":{"default":{"Ruby":{"Ruby":{"name":"Ruby","width":32,"height":31,"x":-0.28,"y":0.03,"rotation":-1.99}}}},"animations":{"animtion0":{"bones":{"bone":{"rotate":[{"time":0,"angle":-1.99},{"time":1,"angle":178.01},{"time":1.25,"angle":178.01},{"time":1.75,"angle":-91.99},{"time":2.25,"angle":-1.99}],"shear":[{"time":0},{"time":1},{"time":1.25},{"time":1.75},{"time":2.25}]}}}}}