{"skeleton":{"width":291.57,"height":416.73,"fps":24,"hash":" ","name":"Armature"},"bones":[{"name":"root"},{"length":126,"x":76.8375,"y":357.539,"rotation":-90.6326,"name":"Layer_1","parent":"root"},{"length":72,"x":-73.5862,"y":142.8049,"rotation":-66.4181,"name":"Layer_2","parent":"root"}],"slots":[{"name":"Layer_1","bone":"Layer_1","attachment":"TheVacantBones/Layer_1"},{"name":"Layer_2","bone":"Layer_2","attachment":"TheVacantBones/Layer_2"}],"skins":{"default":{"Layer_2":{"TheVacantBones/Layer_2":{"name":"TheVacantBones/Layer_2","width":144,"height":177,"x":17.52,"y":0.26,"rotation":66.42}},"Layer_1":{"TheVacantBones/Layer_1":{"name":"TheVacantBones/Layer_1","width":100,"height":175,"x":1.47,"y":-1.58,"rotation":90.63}}}},"animations":{"idle":{"bones":{"Layer_1":{"translate":[{"time":0,"y":-2.55},{"time":0.3333,"y":27.46},{"time":0.5833,"y":32.46},{"time":0.8333,"y":22.46},{"time":1.4166,"y":-2.55}],"rotate":[{"time":0,"angle":14.17},{"time":0.25,"angle":9.17},{"time":0.5833,"angle":-12.36},{"time":0.8333,"angle":-15.83},{"time":1.0833,"angle":-10.83},{"time":1.4166,"angle":10.78},{"time":1.6666,"angle":14.17}],"shear":[{"time":0},{"time":0.25},{"time":0.5833},{"time":0.8333},{"time":1.0833},{"time":1.4166},{"time":1.6666}]},"Layer_2":{"translate":[{"time":0,"y":69.49},{"time":0.8333,"y":29.49},{"time":1.6666,"y":69.49}],"rotate":[{"time":0,"angle":0.99},{"time":0.25,"angle":3.99},{"time":1.0833,"angle":-6.01},{"time":1.6666,"angle":0.99}],"shear":[{"time":0},{"time":0.25},{"time":1.0833},{"time":1.6666}]}}}}}